version,model_name,trained_at,classes,train_n,val_n,val_top1,val_bal_acc,false_unknown,natural_unknown_fpr,ece,worst_class_mmsi,worst_class_recall,param_count,model_bytes,train_seconds
1,BEAEv1,2026-07-07T11:57:33+0900,8,1672,378,1.0,1.0,0.05555555555555555,0.5484429065743944,,,,629596,2555535,4.0
2,BEAEv2,2026-07-07T12:08:40+0900,10,2340,511,0.9980430528375733,0.9983606557377049,0.07632093933463796,0.39264990328820115,,,,629854,2556559,5.6
3,BEAEv3,2026-07-07T13:38:37+0900,12,4217,516,1.0,1.0,0.060077519379844964,0.4857456140350877,,,,630112,2557583,6.2
4,BEAEv4,2026-07-07T15:11:21+0900,13,6679,927,1.0,1.0,0.039913700107874865,0.4815533980582524,,,,630241,2558095,10.7
5,BEAEv5,2026-07-07T15:49:07+0900,13,7470,2095,1.0,1.0,0.05298329355608592,0.3509212730318258,0.0003077983856201172,440011970,1.0,630241,2558095,14.9
6,BEAEv6,2026-07-07T22:42:51+0900,29,37124,9238,0.961355271703832,0.9649376538425165,0.08313487767915133,0.08433734939759036,0.023938180890452937,440316160,0.36395759717314485,632305,2566351,33.4
7,BEAEv7,2026-07-08T00:09:10+0900,33,45066,10739,0.8937517459726232,0.9180880186150283,1.0,0.04903314917127072,0.03405852381402591,440117390,0.16326530612244897,632305,2566351,37.1
8,BEAEv8,2026-07-08T10:46:14+0900,47,95581,18458,0.9444685231336006,0.9132792000798877,0.3485751435691841,0.09656453110492108,0.006345423094073297,440117390,0.047619047619047616,632305,2566351,58.2
9,BEAEv9,2026-07-08T10:57:07+0900,47,96241,18637,0.9629232172559962,0.9542411248365918,0.07104147663250523,0.09269162210338681,0.007279181576992968,440117390,0.13953488372093023,634627,2575695,152.1
